,Value,Goal Creating Actions (20/21),Total Carries in Forward Direction (20/21),Number of Times Player was Pass Target (20/21),Passes Leading to Goals (20/21),Non-penalty xG+ xA (20/21),Passes Leading to Shot Attempt (20/21),Touches in Attacking Penalty Box (20/21)
0,8.83416419601431,5.2149035180193435,3.0888723567336447,1.5853588482790255,3.2291146602806995,4.9325641354366105,2.2281528228750886,5.459029630475353
1,7.031431813358088,2.6141465522461735,0.11944508802251795,0.5744640680313485,2.292357521590521,5.2136219209315735,0.7790340910270162,3.4721126362883212
2,6.430521019139348,4.564714276576051,1.2778480335087268,1.8694281179222683,3.8536194194074853,4.955985617561191,2.2764567806033575,2.92399760340914
3,5.228699430701866,3.9145250351327587,2.7299305989773544,1.736209425951644,4.478124178534271,2.2859366553590377,3.0976240619839315,2.193177559570232
4,5.228699430701866,2.1806870579506454,2.3873043756645322,2.6060491205833665,2.292357521590521,4.440713010820425,3.0976240619839315,6.281202179794125
